Alexander  Perez-Davies,,
5796080759,
Alexander ,
Perez-Davies,
M,
1993-04-05,
JX055947D,
38,
N16 7UJ,
N16 7UJ,
Flat 24 Morris Blitz Court,
07525334311,
99,
2024-05-13,
6,
,
2024-05-06,
10,
999999999,
,
0 checked out of 1,
,
2,
8,
,
2024-05-20,
10,
999999999,
8,
,
,
0 checked out of 1,
4,
1,
ZPROG001,
2024-05-20,
2026-05-20,
36,
25,
2,
N4 3HH,
504,
505,
,
EPA0475,
ACT,
1,
2024-05-20,
2025-08-20,
,
105,
TNP,
1,
2024-05-20,
16150,
TNP,
2,
2024-05-20,
1850,
2,
2025-06-04,
2025-08-20,
1,
,
DE,
3,
Z0001947,
2024-05-20,
2026-05-20,
36,
25,
2,
N4 3HH,
,
,
,
,
,
,
,
,
,
105,
,
,
,
,
,
,
,
,
2,
2025-06-04,
,
1,
,
DE,
,
,
,
,
,
,
,
,
,
,
,
,
,
,
,
,
,
,
,
,
,
,
,
,
,
,
,
,
,
,
,
,
,
,
,
,
,
,
,
,
,
,
,
,
,
,
,
,
,
,
,
,
,
,
,
,
,
,
,
,
,
,
,
,
,
,
,
,
,
,
,
,
,
,
,
,
,
,
,
,
,
,
,
,
,
,
,
,
,
,
,
,
,
,
,
,
,
,
,
,
,
,
,
,
,
,
,
,
,
,
,
,
,
,
,
,
,
,
,
,
,
,
,
